Epoch,D Loss Real,D Loss Fake,G Loss,D Accuracy Real,D Accuracy Fake,G Accuracy,Diversity,Mode Collapse,Learning Rate,Convergence,Function Data
2000,0.7105493545532227,0.6846016645431519,0.709949254989624,0.25099998712539673,0.7940000295639038,0.16699999570846558,2.4400363,False,0.0001,0.7358969449996948,19990
4000,0.7105493545532227,0.6846016645431519,0.709949254989624,0.25099998712539673,0.7940000295639038,0.16699999570846558,2.4400363,False,0.0001,0.7358969449996948,39990
6000,0.7105493545532227,0.6846016645431519,0.709949254989624,0.25099998712539673,0.7940000295639038,0.16699999570846558,2.4400363,False,0.0001,0.7358969449996948,59990
8000,0.7105493545532227,0.6846016645431519,0.709949254989624,0.25099998712539673,0.7940000295639038,0.16699999570846558,2.4400363,False,0.0001,0.7358969449996948,79990
10000,0.7105493545532227,0.6846016645431519,0.709949254989624,0.25099998712539673,0.7940000295639038,0.16699999570846558,2.4400363,False,0.0001,0.7358969449996948,99990
